0.132604,0.134213,0.135121,0.135537,0.138169,0.140405,0.141090,0.139353,0.139047,0.137074,0.136177,0.135423,0.134275,0.135048,0.133160,0.133221,0.134960,0.135603,0.135206,0.134449,0.135504,0.137033,0.136389,0.139100,0.139800,0.138464,0.140711,0.140224,0.141866,0.142748,0.142309,0.141589,0.140537,0.142985,0.142714,0.142577,0.140703,0.139995,0.138529,0.138248,0.138737,0.137297,0.136798,0.135519,0.131946,0.130816,0.129366,0.130696,0.129594,0.127698,0.125680,0.124178,0.123970,0.122481,0.122203,0.120715,0.120545,0.120415,0.121938,0.123428,0.124093,0.125063,0.124161,0.125305,0.127642,0.127598,0.128669,0.129619,0.131460,0.131387,0.131379,0.133580,0.134528,0.137217,0.138041,0.138955,0.138208,0.137597,0.138429,0.135897,0.136962,0.137528
0.133782,0.135104,0.137223,0.137990,0.139570,0.141914,0.142483,0.140401,0.138579,0.137133,0.137491,0.135947,0.135384,0.135327,0.134505,0.133770,0.134109,0.134133,0.134776,0.135135,0.136068,0.138087,0.137542,0.138657,0.137558,0.138862,0.139728,0.140694,0.141062,0.142220,0.140760,0.141471,0.140953,0.142238,0.142865,0.142456,0.140907,0.141083,0.138148,0.138514,0.137197,0.135962,0.136039,0.134639,0.133048,0.132398,0.131976,0.131615,0.129953,0.127479,0.124955,0.124106,0.122821,0.122336,0.122770,0.120780,0.120642,0.120560,0.121408,0.123827,0.124484,0.124783,0.125020,0.125166,0.127616,0.127720,0.129236,0.129629,0.130709,0.131222,0.131552,0.132736,0.133793,0.136092,0.136701,0.138004,0.138535,0.137154,0.138055,0.135666,0.136787,0.139477
0.135617,0.136134,0.140428,0.140459,0.141048,0.142046,0.141875,0.142223,0.140525,0.138749,0.138998,0.138468,0.136071,0.135628,0.135120,0.133133,0.134805,0.135742,0.136105,0.134813,0.136486,0.137848,0.138957,0.139173,0.138099,0.137676,0.138526,0.140546,0.140829,0.140641,0.140274,0.141630,0.142043,0.141502,0.140825,0.141623,0.140242,0.140930,0.139208,0.139186,0.138670,0.137060,0.135196,0.135166,0.133726,0.132988,0.133400,0.131203,0.130985,0.128447,0.127218,0.124804,0.123674,0.123063,0.122543,0.120877,0.119824,0.120697,0.121451,0.122751,0.125296,0.123790,0.124743,0.126577,0.127510,0.128126,0.128635,0.129556,0.130181,0.132000,0.131821,0.133141,0.134267,0.135387,0.136668,0.137664,0.137116,0.137906,0.136359,0.137693,0.136952,0.139764
0.136973,0.138168,0.140255,0.142136,0.142725,0.143933,0.143859,0.141633,0.141702,0.140216,0.138851,0.138587,0.137575,0.136137,0.135746,0.135225,0.135663,0.136263,0.135208,0.135471,0.136073,0.135767,0.136665,0.138947,0.140036,0.138169,0.137326,0.139524,0.140452,0.140917,0.140683,0.140693,0.142225,0.142107,0.141334,0.141464,0.141171,0.140942,0.141277,0.139128,0.138966,0.138227,0.136063,0.134935,0.134131,0.133501,0.132268,0.133009,0.131904,0.128803,0.128351,0.125938,0.124404,0.123821,0.122691,0.120235,0.119654,0.121100,0.122782,0.123416,0.123621,0.123888,0.124448,0.126576,0.128424,0.128346,0.129050,0.130422,0.131527,0.132460,0.132748,0.133033,0.134268,0.135110,0.135490,0.135905,0.137023,0.137099,0.136054,0.135248,0.137077,0.139523
0.137959,0.138819,0.142274,0.144416,0.144859,0.145508,0.144172,0.143482,0.141288,0.140895,0.139526,0.138116,0.137556,0.137081,0.136304,0.136622,0.135437,0.136806,0.136831,0.137042,0.135779,0.136019,0.135874,0.136824,0.137113,0.136815,0.137235,0.137782,0.140695,0.141478,0.140487,0.139315,0.141047,0.142189,0.141928,0.141744,0.141873,0.142103,0.140728,0.140093,0.139870,0.138530,0.137295,0.135096,0.133584,0.132756,0.133987,0.132622,0.132288,0.130459,0.128938,0.126312,0.125109,0.125041,0.123764,0.122346,0.120412,0.121669,0.123642,0.123077,0.123180,0.123056,0.122727,0.126283,0.127027,0.127896,0.129953,0.130806,0.130772,0.132669,0.132861,0.134284,0.134892,0.134578,0.135415,0.135976,0.136780,0.136361,0.136146,0.136080,0.137596,0.139530
0.138103,0.139561,0.141629,0.143301,0.144099,0.144947,0.144150,0.144105,0.141660,0.141470,0.141387,0.139639,0.137703,0.138121,0.137854,0.136026,0.136218,0.136947,0.136611,0.137880,0.137569,0.136887,0.136481,0.137406,0.137742,0.136661,0.137039,0.137846,0.139589,0.139233,0.139826,0.139716,0.140380,0.141199,0.141401,0.141887,0.142750,0.143173,0.142295,0.141268,0.139896,0.139232,0.138203,0.136368,0.134510,0.134064,0.134107,0.133028,0.133705,0.132239,0.129728,0.125936,0.125106,0.124667,0.122899,0.121318,0.120983,0.121951,0.123325,0.122703,0.122453,0.121967,0.123682,0.125836,0.127955,0.128785,0.130384,0.131496,0.132667,0.132129,0.132375,0.133510,0.134922,0.135179,0.136081,0.136062,0.136998,0.135346,0.136597,0.136378,0.137525,0.138735
0.141366,0.142572,0.142384,0.143687,0.144424,0.144547,0.144526,0.143697,0.142062,0.142418,0.141464,0.139976,0.139014,0.137523,0.137431,0.137770,0.136320,0.138088,0.138912,0.138644,0.137481,0.137109,0.136994,0.137086,0.138146,0.138175,0.137272,0.138040,0.140192,0.139010,0.139099,0.140255,0.140624,0.141013,0.141208,0.142641,0.143418,0.142388,0.142905,0.142538,0.141400,0.138942,0.137273,0.136500,0.134810,0.133261,0.132939,0.132376,0.132690,0.131895,0.130775,0.128614,0.125940,0.124895,0.123272,0.122065,0.121536,0.121234,0.122338,0.122126,0.122581,0.122859,0.123981,0.126116,0.129118,0.130038,0.130996,0.132189,0.133210,0.133108,0.133441,0.133907,0.134654,0.136254,0.136761,0.137609,0.137521,0.136702,0.137315,0.137524,0.137963,0.138139
0.142519,0.142799,0.143117,0.144108,0.143363,0.144160,0.144654,0.143772,0.142514,0.142034,0.140371,0.139289,0.137554,0.137101,0.137065,0.137559,0.136194,0.136147,0.136563,0.137382,0.138056,0.136686,0.137328,0.136836,0.137667,0.138132,0.139392,0.140020,0.140778,0.140696,0.140207,0.139256,0.140420,0.140539,0.141450,0.142846,0.142802,0.143812,0.143201,0.143689,0.143064,0.139702,0.137955,0.136894,0.135355,0.134218,0.133235,0.131505,0.131136,0.130820,0.131105,0.126964,0.125183,0.124303,0.123350,0.122483,0.122555,0.122789,0.122619,0.122748,0.123040,0.122573,0.124486,0.126742,0.128745,0.130323,0.132387,0.133367,0.134737,0.134779,0.134290,0.135234,0.135902,0.136797,0.138004,0.139184,0.138981,0.138489,0.139139,0.137853,0.139592,0.139860
0.144143,0.144570,0.144793,0.144009,0.144274,0.144972,0.144608,0.143882,0.142975,0.140920,0.141092,0.139343,0.137927,0.136676,0.138164,0.138535,0.137817,0.137319,0.136283,0.136301,0.136458,0.136013,0.137021,0.137718,0.137966,0.138388,0.138106,0.139627,0.141027,0.139862,0.140568,0.139663,0.139645,0.141284,0.142215,0.142598,0.143650,0.145464,0.144564,0.144125,0.143612,0.139637,0.138569,0.136805,0.135754,0.135428,0.134058,0.131655,0.131485,0.131642,0.129311,0.126532,0.124698,0.124171,0.124237,0.123207,0.123329,0.124112,0.123595,0.124291,0.124246,0.125510,0.126127,0.127798,0.131066,0.132379,0.134173,0.134660,0.135124,0.134903,0.135394,0.135782,0.136250,0.137462,0.138684,0.139236,0.139499,0.139416,0.138354,0.138667,0.140273,0.140248
0.145919,0.145901,0.145205,0.144791,0.144582,0.144532,0.144046,0.142930,0.140919,0.141185,0.140222,0.138855,0.136147,0.135783,0.137057,0.137870,0.139430,0.137903,0.137210,0.136472,0.134176,0.134954,0.136325,0.137845,0.137060,0.137037,0.140171,0.140366,0.139708,0.140959,0.141166,0.140325,0.139647,0.140787,0.142516,0.143648,0.144471,0.144610,0.143723,0.145251,0.144624,0.142718,0.139496,0.138327,0.136959,0.135922,0.133807,0.132477,0.130896,0.130476,0.129076,0.128084,0.125127,0.124896,0.124553,0.124312,0.124213,0.124825,0.125844,0.126834,0.125674,0.126187,0.128038,0.129551,0.132101,0.132735,0.134903,0.135903,0.136340,0.135747,0.136307,0.136292,0.135909,0.137926,0.138469,0.138980,0.138875,0.139655,0.140393,0.139583,0.139598,0.141301
0.147677,0.146724,0.146373,0.146158,0.145635,0.143749,0.143767,0.141961,0.140216,0.140429,0.139414,0.137718,0.136264,0.134622,0.135595,0.135250,0.137917,0.138468,0.137581,0.137240,0.135787,0.134964,0.134302,0.135345,0.136549,0.136165,0.137104,0.140986,0.140602,0.140960,0.140814,0.140967,0.140100,0.140461,0.141805,0.142467,0.144967,0.144271,0.145386,0.145209,0.145544,0.144082,0.141024,0.138638,0.137746,0.136395,0.133742,0.131788,0.130349,0.130877,0.129773,0.128034,0.126952,0.125100,0.124779,0.124245,0.125100,0.125648,0.126593,0.127721,0.127250,0.126777,0.128681,0.130779,0.132794,0.133785,0.135730,0.136602,0.137587,0.137377,0.137339,0.138023,0.137804,0.138210,0.137632,0.138498,0.139813,0.139955,0.140745,0.139684,0.139814,0.142293
0.150024,0.148880,0.148067,0.146495,0.145464,0.144048,0.142983,0.141050,0.140336,0.139162,0.139636,0.137870,0.137221,0.135875,0.134979,0.134301,0.135988,0.137364,0.136732,0.137971,0.136254,0.134574,0.134853,0.134342,0.136768,0.136325,0.136222,0.139179,0.138793,0.139713,0.140217,0.139559,0.141149,0.139989,0.140174,0.141384,0.142915,0.144012,0.145834,0.146529,0.147114,0.145523,0.142412,0.140730,0.138405,0.136194,0.133706,0.131760,0.130521,0.129967,0.131311,0.128230,0.128215,0.127149,0.125587,0.124553,0.124927,0.125716,0.127062,0.127214,0.127647,0.127979,0.129884,0.130986,0.132544,0.134864,0.136351,0.137000,0.138127,0.138191,0.138001,0.139013,0.138923,0.138716,0.139335,0.139110,0.137767,0.138978,0.140997,0.140250,0.140661,0.140382
0.152831,0.151220,0.149772,0.149491,0.147031,0.146417,0.143559,0.143168,0.140707,0.139805,0.138076,0.137794,0.137751,0.137940,0.135045,0.134105,0.134523,0.136614,0.138427,0.137913,0.136170,0.135601,0.134442,0.133820,0.134968,0.136106,0.136085,0.137274,0.138920,0.138956,0.138758,0.137431,0.139583,0.140462,0.139447,0.141975,0.142726,0.144697,0.144487,0.145854,0.146059,0.144632,0.143330,0.140381,0.138975,0.137582,0.135557,0.132893,0.131085,0.131247,0.129087,0.128434,0.127636,0.127794,0.125582,0.124582,0.125920,0.126171,0.127875,0.127978,0.129102,0.129535,0.131569,0.132297,0.133968,0.134391,0.136382,0.136794,0.138705,0.137855,0.138334,0.139672,0.138473,0.139121,0.139816,0.138051,0.137360,0.137764,0.139299,0.141074,0.141394,0.141939
0.153521,0.155095,0.153812,0.151631,0.149615,0.146982,0.144202,0.143530,0.142610,0.141187,0.138713,0.137558,0.136966,0.135834,0.134348,0.133185,0.134290,0.136157,0.137788,0.138184,0.137654,0.136938,0.135280,0.135074,0.135002,0.134750,0.136305,0.136455,0.136579,0.137470,0.137877,0.138002,0.139206,0.139261,0.138305,0.141202,0.143609,0.143250,0.144888,0.145957,0.146023,0.145101,0.143842,0.141757,0.137641,0.137369,0.136971,0.135633,0.132650,0.132239,0.129884,0.128138,0.127658,0.127409,0.127470,0.125423,0.125768,0.126884,0.128267,0.129695,0.131187,0.131497,0.131491,0.134545,0.135363,0.135109,0.136508,0.138119,0.139106,0.138227,0.138350,0.138794,0.139643,0.140639,0.138209,0.139504,0.137921,0.137933,0.139993,0.141757,0.141712,0.141405
0.154088,0.155644,0.153981,0.153438,0.152000,0.149311,0.148095,0.144667,0.144598,0.142640,0.140360,0.139320,0.137276,0.135396,0.134589,0.133985,0.133359,0.136084,0.137567,0.138435,0.138532,0.137186,0.137151,0.136179,0.135436,0.135687,0.134916,0.135388,0.136638,0.138204,0.137562,0.138607,0.138676,0.138255,0.138531,0.141650,0.142647,0.144372,0.145409,0.144492,0.145185,0.145315,0.143535,0.142139,0.139346,0.137737,0.137601,0.136676,0.133634,0.131234,0.131007,0.129937,0.128865,0.128407,0.128814,0.128101,0.127328,0.128163,0.129464,0.131897,0.133087,0.133550,0.133554,0.135080,0.135290,0.136139,0.136139,0.138544,0.138284,0.139361,0.138304,0.138583,0.139259,0.140402,0.139535,0.140133,0.139133,0.139549,0.140827,0.141772,0.142238,0.142506
0.154503,0.155657,0.156158,0.155618,0.154779,0.152781,0.149859,0.147888,0.145712,0.144938,0.141581,0.139789,0.138277,0.135704,0.134864,0.134115,0.134539,0.135525,0.136158,0.138588,0.140054,0.140927,0.138624,0.137144,0.136914,0.135743,0.134270,0.135923,0.137212,0.137759,0.139248,0.138221,0.138426,0.138952,0.140170,0.141513,0.144258,0.145134,0.144988,0.145453,0.145704,0.146621,0.144985,0.143393,0.140719,0.138916,0.138479,0.136831,0.134891,0.131777,0.131576,0.130836,0.130379,0.130029,0.130745,0.129365,0.129173,0.130102,0.131730,0.133563,0.133942,0.134641,0.135475,0.136746,0.137939,0.137843,0.137812,0.138415,0.138601,0.139683,0.139568,0.140080,0.140410,0.141642,0.141500,0.139637,0.140217,0.140165,0.140903,0.142784,0.143625,0.142538
0.156269,0.156052,0.156259,0.157015,0.156779,0.154972,0.153368,0.150110,0.147995,0.146607,0.142874,0.141601,0.139481,0.138090,0.135801,0.135301,0.135594,0.137234,0.138162,0.139466,0.139712,0.140886,0.139941,0.137803,0.138687,0.136884,0.136809,0.138168,0.138427,0.138776,0.137675,0.139591,0.139513,0.139916,0.139438,0.141806,0.143551,0.144024,0.144769,0.145150,0.144042,0.145419,0.143923,0.145005,0.141231,0.139793,0.138422,0.135354,0.134448,0.132520,0.131114,0.131008,0.129879,0.130183,0.130933,0.129273,0.130061,0.130499,0.133110,0.134592,0.134716,0.135614,0.136295,0.136834,0.138405,0.139525,0.139712,0.139417,0.139483,0.140551,0.139912,0.140071,0.140803,0.141494,0.141779,0.140489,0.140730,0.140395,0.141324,0.142732,0.143709,0.144026
0.157601,0.156845,0.156721,0.156667,0.157638,0.155289,0.155824,0.151557,0.150541,0.147989,0.144798,0.142321,0.140736,0.140971,0.138464,0.137841,0.137695,0.137537,0.137606,0.139524,0.141190,0.141537,0.139388,0.139254,0.138731,0.138718,0.139757,0.139158,0.139937,0.139826,0.139141,0.141780,0.140458,0.139987,0.139704,0.142533,0.143817,0.144838,0.144884,0.143541,0.144797,0.144088,0.143942,0.143710,0.142034,0.139189,0.138797,0.135720,0.133663,0.132461,0.131064,0.130767,0.129801,0.131466,0.130544,0.130562,0.131077,0.132158,0.133118,0.134444,0.135434,0.136194,0.136845,0.137534,0.139395,0.140944,0.140993,0.140053,0.140040,0.141101,0.141041,0.140670,0.141839,0.142573,0.144236,0.141630,0.141199,0.141416,0.142537,0.143326,0.143969,0.143454
0.158661,0.158117,0.156933,0.159040,0.158580,0.157494,0.155199,0.154350,0.152430,0.150692,0.147571,0.145619,0.144009,0.142778,0.140781,0.140377,0.139322,0.140073,0.140114,0.139455,0.140694,0.141023,0.139986,0.139411,0.140098,0.140196,0.140624,0.141064,0.141414,0.140926,0.141153,0.140815,0.140497,0.139882,0.140057,0.142230,0.143498,0.145251,0.145617,0.144079,0.143573,0.143942,0.143064,0.142064,0.140831,0.138366,0.137775,0.135385,0.133902,0.133015,0.131399,0.130207,0.131312,0.131108,0.131833,0.131396,0.130727,0.132402,0.134608,0.136643,0.135837,0.136265,0.137006,0.138398,0.139074,0.142447,0.141761,0.140986,0.141620,0.140873,0.143054,0.142007,0.141791,0.143044,0.144532,0.143442,0.142858,0.142768,0.142238,0.143142,0.144457,0.144390
0.160194,0.158801,0.159471,0.159251,0.158887,0.159633,0.157387,0.156214,0.155238,0.152604,0.148999,0.148148,0.145954,0.145569,0.144534,0.144307,0.143104,0.141519,0.141040,0.141969,0.142238,0.142203,0.140956,0.138634,0.140651,0.140038,0.141071,0.141721,0.140621,0.140401,0.140742,0.139974,0.140235,0.140290,0.140226,0.142128,0.142675,0.142844,0.142852,0.142138,0.143190,0.143165,0.142132,0.141156,0.138473,0.138312,0.138197,0.136810,0.135133,0.134370,0.132666,0.131006,0.131266,0.130381,0.130797,0.131310,0.132182,0.132455,0.134473,0.136295,0.136311,0.138341,0.137797,0.139102,0.140002,0.141824,0.142341,0.142236,0.142861,0.143093,0.143000,0.143211,0.142583,0.142371,0.144632,0.145223,0.143848,0.143467,0.142811,0.142455,0.144602,0.145821
0.160922,0.161195,0.161878,0.161713,0.161096,0.161061,0.159563,0.159311,0.159279,0.157012,0.154330,0.151927,0.149952,0.147582,0.147059,0.146181,0.144961,0.144570,0.143335,0.141536,0.141200,0.141507,0.141176,0.140464,0.140757,0.140819,0.141052,0.141625,0.141730,0.140480,0.139975,0.139656,0.139462,0.139032,0.139848,0.140881,0.141547,0.142266,0.139557,0.140353,0.140576,0.140231,0.139312,0.139233,0.139451,0.137434,0.136626,0.137867,0.136736,0.135071,0.133512,0.131624,0.130870,0.130018,0.130334,0.131359,0.131715,0.132852,0.134063,0.135954,0.138443,0.138883,0.139234,0.141205,0.141925,0.144030,0.144047,0.143903,0.144729,0.144136,0.144387,0.143532,0.144112,0.144810,0.146344,0.144310,0.144797,0.144347,0.144591,0.144614,0.145597,0.146960
0.163081,0.164092,0.164197,0.163869,0.162946,0.162842,0.161520,0.162130,0.162431,0.161228,0.158935,0.157133,0.155026,0.152015,0.149940,0.149385,0.147712,0.147406,0.144896,0.142720,0.143751,0.142406,0.141868,0.141868,0.140126,0.140778,0.139371,0.139503,0.140720,0.140981,0.139711,0.139855,0.140773,0.139387,0.141140,0.141634,0.141101,0.142303,0.141144,0.139877,0.139538,0.140536,0.138653,0.138385,0.138086,0.137493,0.137072,0.138096,0.136538,0.135829,0.135536,0.133240,0.131215,0.130301,0.130568,0.130861,0.131799,0.133318,0.135230,0.135623,0.138403,0.139249,0.140293,0.141844,0.143181,0.143717,0.144336,0.144848,0.145641,0.146005,0.146942,0.145227,0.145963,0.147871,0.147346,0.144894,0.144860,0.143845,0.144567,0.145527,0.146442,0.147419
0.165585,0.165436,0.165928,0.165748,0.165022,0.164030,0.163451,0.165564,0.164488,0.164488,0.162569,0.160621,0.158460,0.156396,0.153734,0.152825,0.149997,0.148965,0.147409,0.145970,0.145239,0.144491,0.142649,0.142040,0.139578,0.139269,0.137818,0.139081,0.139832,0.139987,0.140275,0.141220,0.141576,0.140570,0.141172,0.140890,0.141794,0.142385,0.142065,0.140968,0.140966,0.141052,0.139742,0.138673,0.138353,0.138864,0.137168,0.137391,0.137029,0.136060,0.137522,0.134724,0.132471,0.130025,0.129988,0.131386,0.131169,0.132544,0.133500,0.136588,0.137676,0.140290,0.141557,0.143068,0.143876,0.145160,0.146137,0.146672,0.147484,0.146642,0.147121,0.147094,0.147486,0.148899,0.148305,0.147837,0.144705,0.143649,0.144525,0.146385,0.146800,0.147869
0.168023,0.168343,0.168044,0.168015,0.166325,0.165258,0.165215,0.166841,0.166347,0.166138,0.164482,0.163524,0.160552,0.158395,0.156131,0.155691,0.152680,0.151756,0.150416,0.150170,0.150229,0.146732,0.145128,0.143673,0.141824,0.140476,0.139539,0.139685,0.141250,0.141483,0.140686,0.141243,0.142082,0.142040,0.141391,0.141828,0.142490,0.143918,0.143615,0.141907,0.141338,0.141750,0.142288,0.141668,0.139171,0.139189,0.137466,0.137698,0.136178,0.137078,0.137547,0.135524,0.133983,0.131767,0.131508,0.130978,0.131812,0.131661,0.133254,0.135307,0.138042,0.139799,0.141198,0.143960,0.144806,0.146819,0.146605,0.148254,0.148483,0.148617,0.148504,0.148701,0.149347,0.150455,0.150051,0.148787,0.145419,0.144340,0.144652,0.145886,0.147656,0.147840
0.169684,0.170692,0.169910,0.170702,0.168141,0.169208,0.168352,0.168253,0.168276,0.167771,0.165992,0.165135,0.164007,0.161556,0.159211,0.157469,0.156612,0.154476,0.154044,0.153082,0.151565,0.148818,0.148319,0.145327,0.143494,0.141913,0.140439,0.140819,0.143137,0.143578,0.142941,0.141180,0.141508,0.141813,0.142829,0.143040,0.144338,0.144877,0.143366,0.143068,0.142476,0.142893,0.142866,0.141640,0.140842,0.139335,0.137690,0.136773,0.137020,0.137302,0.135691,0.135139,0.135068,0.134422,0.132285,0.131388,0.131481,0.131589,0.133195,0.134034,0.138309,0.139276,0.141209,0.143656,0.144607,0.147125,0.147516,0.149718,0.148569,0.149180,0.148834,0.148727,0.150025,0.150500,0.149556,0.148235,0.146173,0.145678,0.144976,0.145837,0.147025,0.148027
0.172054,0.172550,0.171788,0.172894,0.171499,0.170857,0.170564,0.171014,0.170635,0.170470,0.170312,0.169587,0.166770,0.165157,0.163836,0.160953,0.158275,0.157053,0.157847,0.157333,0.154777,0.152304,0.149952,0.146456,0.144361,0.143483,0.141615,0.142923,0.142658,0.143412,0.142889,0.141309,0.142477,0.141619,0.142381,0.144494,0.145305,0.144806,0.145493,0.145084,0.144109,0.143602,0.143281,0.142654,0.141819,0.141204,0.140321,0.137229,0.136174,0.137116,0.136862,0.136972,0.136496,0.136307,0.135122,0.133520,0.132244,0.132610,0.133375,0.135579,0.138646,0.140390,0.142571,0.144457,0.145155,0.146167,0.148129,0.149184,0.148974,0.149421,0.149146,0.149064,0.149903,0.149866,0.150437,0.149292,0.147142,0.146694,0.145951,0.147078,0.147815,0.147541
0.172044,0.173430,0.173469,0.174316,0.174110,0.172520,0.172233,0.172065,0.172910,0.173673,0.172536,0.171862,0.170175,0.168643,0.167378,0.164047,0.161215,0.160428,0.159682,0.158904,0.157925,0.155383,0.151388,0.149367,0.147046,0.145656,0.144389,0.143023,0.142605,0.143244,0.145059,0.143763,0.144414,0.144507,0.145353,0.145902,0.146628,0.147193,0.147580,0.147698,0.145201,0.145250,0.145299,0.143266,0.140880,0.141228,0.139852,0.137679,0.136917,0.137464,0.138574,0.138136,0.137145,0.137919,0.137192,0.135768,0.134579,0.134642,0.135753,0.137282,0.139994,0.141761,0.143281,0.144937,0.146003,0.146642,0.149462,0.149510,0.150024,0.150079,0.150257,0.151307,0.150904,0.150650,0.151302,0.150086,0.147244,0.146497,0.146842,0.147971,0.147993,0.146954
0.171315,0.171663,0.174805,0.175118,0.175637,0.174314,0.173563,0.173824,0.174308,0.174651,0.174748,0.172825,0.171722,0.170517,0.169255,0.166314,0.164712,0.162910,0.163506,0.161862,0.158653,0.156422,0.154024,0.151422,0.148202,0.146882,0.145654,0.145310,0.143643,0.143755,0.145484,0.144122,0.146478,0.146666,0.147278,0.147928,0.148616,0.149393,0.149588,0.149523,0.147871,0.146705,0.147197,0.145029,0.142808,0.140908,0.140342,0.139003,0.136990,0.137595,0.139072,0.138847,0.137855,0.137011,0.137609,0.137116,0.135704,0.136312,0.136362,0.137106,0.140117,0.142198,0.143785,0.145770,0.146417,0.146634,0.148796,0.149181,0.149488,0.149264,0.150459,0.152502,0.152181,0.151404,0.151737,0.150290,0.147550,0.148022,0.147120,0.148323,0.148419,0.148075
0.169890,0.171383,0.173014,0.174525,0.174306,0.174587,0.175534,0.175575,0.175678,0.175198,0.174799,0.174056,0.173561,0.171812,0.170728,0.169191,0.166231,0.165792,0.165521,0.165104,0.163624,0.160765,0.156869,0.154141,0.150797,0.148418,0.147674,0.145890,0.145411,0.145417,0.145907,0.146245,0.146825,0.149334,0.149911,0.150847,0.151308,0.151514,0.151625,0.150421,0.150158,0.149407,0.148298,0.146413,0.145999,0.141310,0.140248,0.139861,0.139083,0.138344,0.139939,0.140262,0.139723,0.138394,0.139939,0.139139,0.137611,0.136241,0.135985,0.138211,0.141391,0.143227,0.144399,0.146486,0.147623,0.148374,0.149461,0.150105,0.151106,0.149839,0.150158,0.152752,0.152372,0.152528,0.152221,0.151667,0.149305,0.148693,0.148465,0.148549,0.149776,0.149609
0.167822,0.168958,0.170516,0.173258,0.173816,0.175550,0.176754,0.175580,0.175642,0.175077,0.174974,0.174777,0.174651,0.172741,0.171319,0.171003,0.168424,0.168562,0.168689,0.167804,0.166265,0.164046,0.160157,0.157473,0.155075,0.152412,0.151202,0.148393,0.146984,0.147096,0.148025,0.148294,0.149579,0.151073,0.152606,0.153655,0.153977,0.154465,0.153987,0.152217,0.152805,0.151062,0.150244,0.148614,0.145371,0.143189,0.141090,0.139450,0.138227,0.138093,0.139564,0.140743,0.141504,0.141359,0.139540,0.140557,0.139570,0.138350,0.137536,0.138817,0.141408,0.142417,0.144214,0.145978,0.147220,0.149798,0.151172,0.152685,0.150591,0.149937,0.151145,0.152107,0.152762,0.151890,0.152766,0.152544,0.150684,0.149573,0.150101,0.150632,0.150405,0.151493
0.165636,0.168089,0.169567,0.171039,0.172168,0.173960,0.175230,0.176911,0.175400,0.175333,0.174503,0.174291,0.174569,0.174175,0.173470,0.172673,0.171134,0.172423,0.171523,0.170462,0.168803,0.166191,0.163981,0.160947,0.157886,0.155167,0.151797,0.149913,0.149946,0.149215,0.150149,0.151271,0.151344,0.152257,0.154326,0.155459,0.156368,0.156798,0.157068,0.155153,0.155178,0.153987,0.153360,0.151040,0.147506,0.143998,0.141237,0.139925,0.139478,0.138640,0.139251,0.140578,0.142257,0.142099,0.140438,0.140145,0.140414,0.140239,0.138910,0.139977,0.142116,0.142655,0.145570,0.147583,0.148486,0.150633,0.151871,0.152672,0.152413,0.151141,0.152702,0.152120,0.153536,0.152765,0.153554,0.153078,0.153002,0.150721,0.150352,0.150403,0.151274,0.153040
0.163327,0.166447,0.168053,0.169821,0.170921,0.172895,0.174216,0.176195,0.174483,0.174235,0.175359,0.175313,0.175701,0.175565,0.175654,0.175469,0.173779,0.174477,0.172953,0.172575,0.169877,0.169082,0.166577,0.163920,0.160476,0.157912,0.155223,0.153078,0.152526,0.152361,0.152030,0.152904,0.154131,0.154153,0.156540,0.156402,0.157693,0.157921,0.158902,0.158515,0.158208,0.157949,0.156268,0.153219,0.150346,0.145631,0.142813,0.140466,0.138358,0.137438,0.138262,0.141521,0.142464,0.143036,0.140908,0.140258,0.140507,0.140739,0.140380,0.141260,0.140791,0.142165,0.145212,0.145399,0.147028,0.149220,0.151649,0.154740,0.152308,0.153207,0.153882,0.154137,0.154248,0.154189,0.155193,0.153920,0.154299,0.153114,0.152041,0.152685,0.152368,0.154881
0.161449,0.163107,0.165527,0.168229,0.169238,0.172011,0.173341,0.175526,0.175774,0.174211,0.174397,0.173949,0.173714,0.175071,0.176478,0.176338,0.175037,0.174575,0.174140,0.174345,0.172941,0.171319,0.170320,0.165899,0.163776,0.160990,0.158715,0.155914,0.155245,0.154500,0.153846,0.153691,0.155303,0.157389,0.157115,0.159721,0.159973,0.160159,0.161092,0.161287,0.160909,0.160685,0.159782,0.157338,0.153287,0.149232,0.143876,0.142424,0.139624,0.138309,0.137912,0.140401,0.142878,0.143327,0.141913,0.141478,0.141095,0.141198,0.141472,0.141560,0.142454,0.142999,0.143748,0.146125,0.145336,0.147628,0.149906,0.152227,0.152885,0.154293,0.154385,0.155218,0.155888,0.156072,0.157178,0.156123,0.154711,0.154934,0.153508,0.154170,0.152926,0.154463
0.159050,0.161317,0.163962,0.165469,0.166602,0.170036,0.172631,0.173647,0.175898,0.175713,0.175294,0.175033,0.174772,0.175933,0.176206,0.177264,0.176548,0.177110,0.177221,0.177030,0.174010,0.172205,0.172053,0.169741,0.166596,0.164762,0.161057,0.158850,0.158686,0.158164,0.156278,0.156641,0.155767,0.157286,0.158622,0.160396,0.161731,0.162465,0.162966,0.164745,0.165330,0.164210,0.163348,0.160716,0.154643,0.151445,0.145895,0.143711,0.141194,0.139488,0.138651,0.139921,0.143507,0.144307,0.143902,0.141632,0.140280,0.140284,0.140139,0.140693,0.142182,0.141999,0.143340,0.144523,0.145896,0.146338,0.149491,0.152756,0.153132,0.154099,0.154946,0.156179,0.156570,0.156872,0.156736,0.155982,0.156253,0.155323,0.155289,0.153695,0.154671,0.155133
0.158083,0.160577,0.162162,0.165287,0.166138,0.168364,0.169045,0.172927,0.175544,0.175550,0.175972,0.174595,0.175650,0.175003,0.176177,0.175578,0.175597,0.176522,0.177877,0.178462,0.175571,0.174670,0.173747,0.172248,0.169688,0.167581,0.164127,0.162346,0.162027,0.161016,0.159094,0.158304,0.157982,0.160114,0.162618,0.163601,0.164641,0.165078,0.165372,0.166202,0.166997,0.167498,0.166321,0.163384,0.158467,0.154665,0.146685,0.144341,0.143304,0.140068,0.138728,0.139753,0.141921,0.143321,0.141953,0.142665,0.140405,0.139937,0.139966,0.140251,0.140985,0.142919,0.142758,0.144208,0.146222,0.145595,0.148592,0.151586,0.151742,0.153826,0.155206,0.156706,0.155747,0.156349,0.157752,0.155512,0.155981,0.155384,0.155199,0.155128,0.155538,0.155563
0.157191,0.159463,0.160473,0.164600,0.166249,0.167740,0.169064,0.172052,0.173562,0.174640,0.176544,0.175961,0.175478,0.174240,0.174332,0.175201,0.175466,0.176007,0.177549,0.177444,0.177276,0.176935,0.177088,0.174113,0.171706,0.169774,0.167694,0.166907,0.165269,0.164755,0.164089,0.162297,0.162283,0.162812,0.165355,0.166592,0.167621,0.168045,0.168153,0.167773,0.169006,0.169416,0.167671,0.164272,0.160619,0.156405,0.149515,0.145528,0.142535,0.140245,0.138948,0.139989,0.142186,0.143417,0.141776,0.141647,0.141324,0.139823,0.139272,0.139912,0.140277,0.141497,0.143369,0.144054,0.144913,0.145619,0.147982,0.150345,0.149723,0.152354,0.154789,0.155910,0.155315,0.155054,0.155746,0.154017,0.155628,0.154685,0.154362,0.154070,0.155415,0.157825
0.154711,0.157949,0.160074,0.162530,0.165486,0.167303,0.167550,0.169709,0.172911,0.174031,0.175697,0.174933,0.175079,0.173581,0.174686,0.176065,0.176717,0.177023,0.177837,0.177490,0.177227,0.176797,0.176004,0.174676,0.174430,0.172059,0.171134,0.169783,0.169837,0.168089,0.167422,0.166224,0.166116,0.166726,0.167410,0.169442,0.169480,0.169755,0.169649,0.168742,0.169551,0.169152,0.169187,0.166974,0.162223,0.157416,0.151337,0.147096,0.143345,0.140047,0.139319,0.139030,0.142283,0.143756,0.142466,0.140274,0.139840,0.138235,0.138387,0.139306,0.140961,0.141413,0.143127,0.143888,0.144418,0.145971,0.146695,0.147989,0.148836,0.150775,0.152784,0.154540,0.154511,0.154708,0.153804,0.154070,0.154201,0.154623,0.154698,0.155300,0.155439,0.157039
0.153764,0.156503,0.159144,0.161255,0.164324,0.164978,0.166368,0.168350,0.170586,0.171010,0.174172,0.174540,0.173505,0.173545,0.173896,0.174337,0.174487,0.175103,0.175791,0.178579,0.177695,0.177360,0.177838,0.176321,0.174954,0.173985,0.173067,0.171554,0.170547,0.170684,0.169933,0.169089,0.169944,0.170278,0.170674,0.171419,0.171492,0.172834,0.170802,0.171469,0.171204,0.171027,0.170565,0.166317,0.163775,0.158754,0.152075,0.147296,0.145683,0.142139,0.139905,0.140086,0.141415,0.141974,0.141964,0.139491,0.139635,0.138903,0.138540,0.139148,0.141306,0.141692,0.142585,0.144018,0.144907,0.145226,0.147481,0.147010,0.148129,0.149528,0.151251,0.153160,0.153920,0.155037,0.154632,0.154073,0.154095,0.154446,0.155745,0.156159,0.156281,0.158086
0.151594,0.154613,0.156461,0.159308,0.160741,0.164004,0.165320,0.167661,0.168632,0.169351,0.171353,0.173344,0.172292,0.172160,0.172416,0.173315,0.173276,0.173948,0.175035,0.177169,0.179006,0.177385,0.177986,0.176839,0.175949,0.174651,0.174721,0.173284,0.172938,0.172573,0.172430,0.171292,0.173111,0.174032,0.173669,0.174430,0.173876,0.174562,0.174584,0.173871,0.172070,0.172214,0.171425,0.167986,0.165116,0.159971,0.153286,0.148972,0.147099,0.143747,0.140942,0.140793,0.142082,0.142489,0.142257,0.139986,0.140022,0.139197,0.139673,0.140096,0.141940,0.143025,0.142836,0.144596,0.144701,0.145458,0.146441,0.146494,0.146151,0.147153,0.150076,0.151929,0.153683,0.154083,0.154338,0.153657,0.154704,0.153558,0.154503,0.155644,0.155893,0.157199
0.149203,0.151419,0.154248,0.158038,0.158841,0.161118,0.163734,0.164356,0.166292,0.168202,0.170136,0.170743,0.171819,0.172230,0.173132,0.173048,0.173519,0.174782,0.175808,0.176475,0.178390,0.179188,0.178390,0.178751,0.178583,0.177543,0.175763,0.176229,0.175700,0.175418,0.174490,0.173733,0.175719,0.177559,0.177046,0.177139,0.177725,0.177662,0.178366,0.174873,0.175043,0.172885,0.172151,0.170016,0.165245,0.159969,0.155550,0.152634,0.150433,0.146844,0.143577,0.141711,0.143226,0.142666,0.141911,0.141988,0.140778,0.141002,0.141500,0.142009,0.143506,0.144278,0.145327,0.144858,0.145130,0.145598,0.145605,0.145767,0.146065,0.146486,0.148708,0.151034,0.153871,0.154565,0.154267,0.152716,0.153156,0.152717,0.152890,0.155371,0.156019,0.156886
0.147159,0.149010,0.153080,0.156014,0.156650,0.157799,0.160261,0.161378,0.164127,0.165998,0.167959,0.169842,0.170860,0.171529,0.173319,0.172813,0.172745,0.175290,0.176135,0.176473,0.177715,0.177995,0.177328,0.179190,0.178529,0.177814,0.177854,0.178836,0.178956,0.178722,0.177981,0.177025,0.178540,0.181021,0.180796,0.180623,0.180682,0.179987,0.181151,0.179635,0.178149,0.175305,0.173691,0.171370,0.167712,0.162501,0.158045,0.154621,0.153170,0.148539,0.146687,0.144665,0.144395,0.142948,0.142835,0.143431,0.142893,0.142207,0.142312,0.142919,0.142938,0.144974,0.145752,0.144988,0.144834,0.145036,0.146195,0.145421,0.146324,0.146622,0.148139,0.150578,0.152027,0.154483,0.154779,0.152987,0.152238,0.152971,0.152413,0.153373,0.154140,0.155737
0.145409,0.147122,0.150378,0.153496,0.155602,0.156699,0.158725,0.160303,0.162138,0.162840,0.166553,0.168590,0.169551,0.171331,0.171700,0.172769,0.173288,0.172867,0.176124,0.177030,0.177094,0.177731,0.179674,0.178844,0.179763,0.179934,0.180593,0.180387,0.182282,0.182364,0.181650,0.180989,0.181488,0.182984,0.183549,0.184027,0.185164,0.184914,0.183769,0.182801,0.181437,0.178565,0.177563,0.174179,0.169239,0.165079,0.159892,0.156351,0.154078,0.150531,0.148655,0.147167,0.146191,0.145361,0.144998,0.143718,0.144237,0.143115,0.144302,0.144053,0.144548,0.145026,0.145909,0.147573,0.148839,0.147824,0.146669,0.146809,0.146926,0.148066,0.149033,0.149873,0.151441,0.153737,0.152941,0.152085,0.152182,0.152364,0.152408,0.153400,0.153310,0.155399
0.145299,0.146619,0.148733,0.151829,0.153867,0.155362,0.157287,0.159025,0.160613,0.161830,0.164706,0.166524,0.167253,0.170275,0.171404,0.171629,0.172555,0.173716,0.174602,0.176111,0.176893,0.177723,0.178312,0.178906,0.180529,0.181499,0.183480,0.183033,0.184855,0.184815,0.184506,0.183709,0.184500,0.186407,0.186802,0.187101,0.188061,0.187557,0.187724,0.185930,0.184885,0.183214,0.181906,0.177578,0.171949,0.168173,0.164486,0.159122,0.155965,0.152046,0.151435,0.149065,0.148576,0.147732,0.146857,0.146466,0.145266,0.145040,0.145172,0.145717,0.146930,0.147088,0.147931,0.149791,0.149935,0.150104,0.148364,0.147159,0.147599,0.147600,0.149591,0.151385,0.153253,0.153256,0.153352,0.152116,0.151236,0.152049,0.151706,0.152002,0.152719,0.152985
0.146013,0.147072,0.148290,0.149866,0.152472,0.153928,0.156540,0.157728,0.160241,0.160667,0.162971,0.165070,0.166637,0.168517,0.170992,0.171663,0.172950,0.173245,0.174308,0.174978,0.176671,0.178401,0.179014,0.180232,0.182301,0.183441,0.185352,0.186135,0.185978,0.187736,0.187160,0.187050,0.187338,0.190436,0.190480,0.191898,0.192070,0.191117,0.191565,0.189618,0.188218,0.186983,0.186137,0.182385,0.176763,0.171531,0.167769,0.163373,0.159327,0.156003,0.153986,0.151362,0.150262,0.149662,0.148754,0.148862,0.147293,0.147392,0.146895,0.147548,0.147963,0.149101,0.149769,0.150393,0.152323,0.152293,0.151364,0.149428,0.147883,0.149612,0.152210,0.153360,0.154996,0.154290,0.154025,0.152681,0.151834,0.153287,0.151365,0.152064,0.151745,0.152768
0.145387,0.146412,0.147931,0.149252,0.151231,0.152879,0.153909,0.156697,0.158989,0.160271,0.161884,0.164802,0.166743,0.167856,0.169036,0.171166,0.172717,0.174244,0.175846,0.174797,0.176419,0.178575,0.179941,0.180769,0.181776,0.185357,0.186552,0.187388,0.188685,0.190035,0.191255,0.189175,0.190264,0.192881,0.194215,0.196259,0.196761,0.195143,0.194259,0.192888,0.192219,0.190797,0.191020,0.186743,0.180623,0.175787,0.171308,0.166187,0.163972,0.160959,0.156264,0.153709,0.151853,0.151076,0.149278,0.149293,0.149311,0.149764,0.149351,0.149806,0.151071,0.151909,0.150124,0.151760,0.153155,0.153334,0.152173,0.151489,0.151771,0.151473,0.152580,0.154168,0.154748,0.154736,0.155111,0.155043,0.154381,0.154401,0.151771,0.151327,0.152068,0.151973
0.145634,0.146189,0.147713,0.148493,0.149269,0.151562,0.152779,0.156024,0.157851,0.160241,0.161982,0.162763,0.165803,0.167264,0.168447,0.170916,0.172067,0.174135,0.175738,0.176042,0.178418,0.178834,0.180016,0.180460,0.182010,0.185243,0.188434,0.190255,0.190417,0.191350,0.193299,0.193951,0.194295,0.194625,0.197140,0.199494,0.201222,0.200659,0.200255,0.197887,0.196417,0.196250,0.195594,0.192403,0.185128,0.180227,0.176227,0.171722,0.168449,0.163463,0.160556,0.156706,0.154040,0.151076,0.151542,0.151437,0.150489,0.150904,0.151882,0.152311,0.152485,0.153103,0.152834,0.154251,0.153965,0.154010,0.154096,0.153366,0.153131,0.152320,0.153585,0.154559,0.155202,0.155604,0.154949,0.154299,0.155782,0.156977,0.155288,0.152621,0.150597,0.151756
0.145508,0.145234,0.145499,0.146330,0.148695,0.149803,0.150683,0.153082,0.156321,0.158610,0.159749,0.161829,0.165204,0.166121,0.167345,0.169205,0.171194,0.174805,0.174784,0.175614,0.178111,0.179053,0.180614,0.180552,0.181609,0.184703,0.190067,0.190641,0.191719,0.194088,0.195857,0.197292,0.198254,0.199547,0.201160,0.202532,0.203944,0.204954,0.204234,0.203925,0.201557,0.198478,0.199108,0.196310,0.190634,0.183772,0.179561,0.174837,0.171236,0.166643,0.162721,0.158294,0.157752,0.154487,0.153809,0.153651,0.152088,0.153031,0.153213,0.154174,0.154683,0.154210,0.154065,0.154618,0.155708,0.155683,0.154398,0.155168,0.153951,0.154306,0.154863,0.156002,0.156765,0.158237,0.156682,0.156089,0.155986,0.156745,0.155542,0.154622,0.152742,0.152351
0.145338,0.145702,0.145947,0.147380,0.148634,0.149965,0.150297,0.151226,0.154171,0.156806,0.159483,0.161472,0.163353,0.165678,0.167617,0.168130,0.169785,0.172449,0.173713,0.174674,0.176539,0.178795,0.180789,0.182031,0.182862,0.185599,0.188249,0.191897,0.194532,0.195476,0.197992,0.199426,0.202917,0.203875,0.205434,0.206179,0.207489,0.207873,0.208876,0.209046,0.205580,0.202854,0.201643,0.198087,0.192725,0.187234,0.181881,0.176843,0.172961,0.169326,0.165627,0.162385,0.160679,0.157784,0.156180,0.155722,0.154468,0.154142,0.156185,0.155580,0.156273,0.153797,0.155899,0.157015,0.156909,0.157070,0.156306,0.156467,0.155429,0.155126,0.156243,0.156439,0.157776,0.158621,0.159282,0.157712,0.156719,0.157428,0.155915,0.155152,0.153939,0.153356
0.144861,0.144684,0.145283,0.145994,0.147818,0.148768,0.149402,0.152190,0.153137,0.155594,0.158515,0.160968,0.162053,0.164821,0.167070,0.169256,0.170103,0.171319,0.172193,0.173734,0.175747,0.178121,0.179639,0.181149,0.183461,0.185427,0.187681,0.192133,0.194705,0.196955,0.197938,0.201324,0.204444,0.205746,0.208564,0.210885,0.213093,0.215109,0.215071,0.215112,0.211268,0.207687,0.205654,0.202466,0.195208,0.189739,0.184344,0.179773,0.176444,0.171843,0.168387,0.165308,0.164227,0.162476,0.160851,0.158675,0.156602,0.156180,0.156807,0.157442,0.156548,0.156564,0.155032,0.157775,0.158388,0.159344,0.158248,0.158008,0.157229,0.156872,0.156930,0.156236,0.157442,0.158218,0.158772,0.158796,0.157975,0.157745,0.156963,0.156513,0.153663,0.153555
0.143623,0.143688,0.144284,0.146448,0.147039,0.148631,0.149594,0.151562,0.152776,0.154710,0.157156,0.158314,0.160053,0.162583,0.165986,0.167562,0.169214,0.170672,0.172298,0.172668,0.174412,0.177150,0.179139,0.180504,0.182550,0.184656,0.187274,0.191166,0.193741,0.196314,0.199239,0.200662,0.203523,0.207111,0.210665,0.213718,0.216610,0.218305,0.220611,0.221058,0.216138,0.212440,0.208740,0.205060,0.198038,0.191611,0.187722,0.182593,0.178628,0.174915,0.170828,0.168399,0.166942,0.166508,0.162941,0.162603,0.160129,0.159238,0.158886,0.158151,0.158720,0.158592,0.158641,0.160069,0.160273,0.160786,0.158896,0.160128,0.159939,0.158122,0.157771,0.157729,0.159242,0.159852,0.160018,0.160614,0.159316,0.159541,0.158555,0.157376,0.155760,0.154203
0.144162,0.144345,0.144839,0.146054,0.148050,0.149070,0.150658,0.151022,0.153436,0.153272,0.155457,0.158998,0.160675,0.162678,0.163754,0.166552,0.168201,0.169569,0.172091,0.173815,0.174961,0.176708,0.178511,0.180740,0.181915,0.184489,0.187897,0.190936,0.193465,0.196623,0.197388,0.200413,0.202969,0.206925,0.211766,0.215835,0.219756,0.222003,0.223799,0.224429,0.222454,0.217319,0.213576,0.210298,0.201808,0.195285,0.191027,0.185924,0.181602,0.177487,0.174475,0.172723,0.171337,0.169395,0.167109,0.165986,0.163422,0.163511,0.162609,0.160965,0.162203,0.161749,0.161167,0.161734,0.162734,0.162775,0.160302,0.161505,0.161865,0.159725,0.159765,0.159580,0.159889,0.160941,0.162470,0.162207,0.161964,0.161167,0.159663,0.159127,0.156580,0.155676
0.142717,0.143305,0.143359,0.144919,0.146813,0.148972,0.149084,0.150695,0.150975,0.152896,0.155552,0.157164,0.159096,0.160291,0.163069,0.164326,0.167608,0.169835,0.170845,0.173026,0.174752,0.175387,0.177142,0.179397,0.181213,0.183554,0.187522,0.191354,0.194095,0.197389,0.198883,0.200890,0.203621,0.208344,0.211771,0.216959,0.221342,0.223345,0.225456,0.227251,0.226144,0.221977,0.218831,0.214076,0.206063,0.199107,0.194248,0.190186,0.184771,0.180800,0.177077,0.175748,0.173537,0.171900,0.169604,0.168173,0.166929,0.164947,0.164186,0.164698,0.165972,0.164408,0.164325,0.163922,0.164330,0.165713,0.164188,0.162861,0.163249,0.162990,0.162306,0.162290,0.162341,0.162264,0.162750,0.162606,0.162496,0.162179,0.160959,0.158704,0.157553,0.156131
0.142730,0.141959,0.142490,0.143666,0.145155,0.147390,0.148699,0.148476,0.150374,0.151634,0.154362,0.156826,0.158499,0.161942,0.162387,0.163827,0.166689,0.168059,0.168795,0.171335,0.172810,0.173226,0.176223,0.178545,0.180267,0.182641,0.186001,0.189721,0.193784,0.196959,0.199775,0.202589,0.205247,0.208566,0.212287,0.217259,0.221774,0.224915,0.227126,0.229135,0.229123,0.226733,0.223952,0.220184,0.211970,0.203792,0.198377,0.192475,0.188662,0.183616,0.180063,0.178253,0.176411,0.174617,0.172477,0.171085,0.169565,0.166871,0.165773,0.166932,0.168410,0.166949,0.166966,0.165927,0.166433,0.166666,0.165886,0.165610,0.165965,0.165245,0.164998,0.164578,0.164502,0.163777,0.162953,0.164165,0.164167,0.163244,0.162042,0.160811,0.158665,0.157647
0.141833,0.141897,0.141364,0.142534,0.144566,0.146445,0.146643,0.147242,0.148019,0.150511,0.151592,0.154849,0.158284,0.161351,0.161503,0.163685,0.165430,0.167244,0.167451,0.169037,0.171809,0.173171,0.174988,0.176847,0.176954,0.180620,0.184681,0.189506,0.193693,0.196473,0.199784,0.202836,0.206938,0.210174,0.214405,0.218325,0.221692,0.225779,0.228736,0.229670,0.231249,0.230147,0.227261,0.223759,0.217936,0.211227,0.204123,0.196577,0.192134,0.185774,0.182353,0.181747,0.180440,0.179345,0.176193,0.173896,0.171591,0.169050,0.168366,0.169503,0.169894,0.169852,0.168516,0.167242,0.168824,0.169527,0.169158,0.166866,0.166478,0.166003,0.165883,0.165161,0.165668,0.165042,0.164564,0.164441,0.164738,0.165078,0.163026,0.161992,0.160170,0.158798
0.141701,0.142245,0.142025,0.142175,0.142773,0.144758,0.145488,0.146814,0.146926,0.147911,0.150470,0.152985,0.157358,0.159760,0.161204,0.163522,0.165429,0.166490,0.167421,0.169113,0.170425,0.172321,0.174203,0.176345,0.176875,0.179168,0.183136,0.188103,0.190787,0.195748,0.199206,0.204000,0.208558,0.212631,0.216153,0.218973,0.223495,0.225983,0.229981,0.232008,0.232516,0.233047,0.233323,0.229910,0.222153,0.217712,0.210598,0.204557,0.196977,0.190370,0.186019,0.184139,0.183596,0.181113,0.177853,0.175802,0.174471,0.172216,0.171357,0.172307,0.172363,0.171237,0.170553,0.168760,0.170053,0.170671,0.168906,0.168100,0.167365,0.166354,0.165934,0.166194,0.166053,0.166112,0.164549,0.164948,0.164520,0.163949,0.162728,0.162871,0.160790,0.159987
0.139215,0.141154,0.140683,0.142072,0.141677,0.144078,0.145278,0.146600,0.146521,0.147748,0.149892,0.152568,0.155075,0.158409,0.160137,0.162023,0.162967,0.164373,0.166522,0.167017,0.170108,0.171583,0.174081,0.174474,0.175070,0.176634,0.180641,0.184757,0.190491,0.194970,0.199192,0.203351,0.207423,0.213168,0.217424,0.221138,0.225656,0.228561,0.232038,0.234048,0.234270,0.236151,0.236357,0.233919,0.228336,0.224314,0.216677,0.210216,0.201503,0.195804,0.192722,0.188929,0.187339,0.184282,0.181965,0.179777,0.176501,0.175930,0.174164,0.174080,0.174009,0.172892,0.170781,0.170303,0.169972,0.170143,0.171019,0.170162,0.168869,0.168726,0.167473,0.165697,0.166232,0.166312,0.164964,0.164879,0.164933,0.163278,0.162353,0.162036,0.160695,0.159737
0.138856,0.140603,0.142816,0.142267,0.142698,0.143926,0.144911,0.146168,0.147169,0.148208,0.150201,0.152147,0.154700,0.156537,0.157490,0.159819,0.160886,0.163343,0.165047,0.166420,0.168326,0.169581,0.172882,0.173538,0.173926,0.175609,0.178398,0.182927,0.187685,0.194208,0.199385,0.204433,0.208231,0.213402,0.218524,0.223152,0.227885,0.231753,0.234688,0.236539,0.237787,0.238887,0.239231,0.238833,0.233636,0.227358,0.221753,0.215999,0.208481,0.202151,0.196820,0.193419,0.191859,0.187489,0.184779,0.181708,0.178804,0.177039,0.176053,0.175325,0.174679,0.173842,0.171926,0.170922,0.171357,0.170204,0.170163,0.170195,0.168683,0.168236,0.167220,0.165712,0.166637,0.165828,0.164078,0.165296,0.163964,0.162643,0.161647,0.161157,0.160123,0.158072
0.137893,0.140858,0.142438,0.142651,0.142469,0.142954,0.143876,0.145299,0.146415,0.148748,0.149351,0.151675,0.153544,0.155465,0.156221,0.158921,0.160223,0.162845,0.164317,0.166629,0.167817,0.170526,0.172995,0.173575,0.173389,0.174054,0.177472,0.183521,0.186472,0.192213,0.198204,0.204120,0.209198,0.213385,0.218866,0.224310,0.229418,0.234267,0.237854,0.240557,0.241481,0.243392,0.243808,0.241900,0.238392,0.233154,0.227717,0.220068,0.213032,0.206942,0.201755,0.197353,0.194523,0.191029,0.188988,0.186188,0.183044,0.180420,0.177701,0.176616,0.176888,0.175818,0.173502,0.172746,0.172406,0.171323,0.170595,0.168773,0.167982,0.166441,0.165864,0.166202,0.167009,0.167342,0.165913,0.164987,0.162895,0.161740,0.161224,0.161142,0.159712,0.157955
0.138114,0.139993,0.141992,0.144054,0.143182,0.143822,0.144605,0.144383,0.144978,0.147132,0.148787,0.150920,0.153206,0.155616,0.156243,0.157918,0.159249,0.161277,0.162451,0.164824,0.167466,0.169160,0.170871,0.172449,0.172964,0.173300,0.176636,0.180700,0.184963,0.189820,0.195718,0.201094,0.207031,0.212822,0.219281,0.224801,0.230679,0.235510,0.240326,0.243094,0.244940,0.247301,0.248023,0.247314,0.243918,0.238454,0.230938,0.224951,0.216506,0.211348,0.205657,0.200503,0.197656,0.193396,0.192473,0.190256,0.187263,0.183578,0.179992,0.178289,0.178555,0.177986,0.177294,0.174145,0.172595,0.171589,0.171271,0.169119,0.168333,0.165294,0.166025,0.165777,0.165261,0.165106,0.165504,0.164636,0.162924,0.162705,0.161572,0.161444,0.159922,0.159015
0.137011,0.138764,0.141525,0.143293,0.144308,0.144571,0.145048,0.146522,0.148060,0.148513,0.149714,0.150821,0.152678,0.154169,0.155343,0.156888,0.159522,0.159954,0.161788,0.162711,0.165405,0.167518,0.170356,0.171268,0.172852,0.172889,0.175999,0.179213,0.183358,0.187728,0.193571,0.199050,0.204808,0.211761,0.217487,0.224044,0.230407,0.236672,0.241937,0.245165,0.248013,0.250211,0.250751,0.250740,0.248326,0.242898,0.235744,0.228067,0.221615,0.214905,0.209003,0.203803,0.199500,0.197177,0.193771,0.192019,0.189258,0.185733,0.182982,0.180194,0.178935,0.178953,0.178220,0.175921,0.172897,0.173142,0.170666,0.168819,0.168178,0.166464,0.166176,0.164502,0.165114,0.165147,0.164283,0.163975,0.162287,0.161953,0.162168,0.161169,0.159977,0.159070
0.137068,0.139213,0.142078,0.143433,0.144994,0.145061,0.145776,0.147693,0.148053,0.149598,0.149349,0.150158,0.152313,0.153486,0.155219,0.156424,0.157454,0.158635,0.159798,0.162070,0.165483,0.166051,0.168230,0.170055,0.170032,0.171679,0.175003,0.179626,0.182154,0.187449,0.191522,0.197086,0.203001,0.209224,0.216519,0.221966,0.229066,0.234937,0.240074,0.246417,0.250362,0.253153,0.255375,0.255798,0.252483,0.246995,0.241571,0.233284,0.225178,0.217683,0.211575,0.207491,0.203123,0.199765,0.196266,0.193950,0.190536,0.188994,0.184648,0.182582,0.180727,0.179549,0.179147,0.176072,0.173759,0.173660,0.171006,0.168392,0.166376,0.165417,0.165378,0.164846,0.164871,0.164705,0.163512,0.162373,0.161830,0.161005,0.161262,0.159532,0.159288,0.158743
0.137976,0.139734,0.142416,0.143023,0.144778,0.145322,0.146706,0.148127,0.147980,0.150112,0.150846,0.150453,0.150632,0.153510,0.154768,0.155986,0.156986,0.157294,0.158639,0.160390,0.162517,0.164655,0.164507,0.166757,0.169174,0.171770,0.174814,0.177253,0.181161,0.185270,0.188554,0.193078,0.199177,0.205657,0.212597,0.218042,0.224490,0.230742,0.237473,0.243858,0.250324,0.255395,0.257858,0.256735,0.255254,0.251020,0.244578,0.237778,0.229043,0.219771,0.212684,0.206901,0.204138,0.199501,0.197431,0.195315,0.192029,0.188561,0.185351,0.184283,0.182715,0.181587,0.178735,0.175434,0.173244,0.171822,0.167555,0.167363,0.165814,0.165701,0.164900,0.164214,0.163687,0.163078,0.163226,0.162065,0.160941,0.161360,0.160213,0.160551,0.159017,0.159138
0.137282,0.139724,0.141431,0.141464,0.143561,0.144603,0.146403,0.146148,0.148405,0.148017,0.149606,0.152109,0.152413,0.153950,0.155370,0.154121,0.155556,0.157769,0.158873,0.159224,0.160546,0.160399,0.163008,0.165045,0.168440,0.169275,0.173331,0.174022,0.178583,0.182672,0.186770,0.190219,0.195148,0.202001,0.207552,0.213399,0.219595,0.225174,0.232120,0.239717,0.244852,0.251905,0.255627,0.256423,0.256261,0.252589,0.247096,0.239876,0.231528,0.221462,0.214023,0.208356,0.204521,0.199737,0.197216,0.194961,0.192511,0.191187,0.188783,0.185781,0.182966,0.182682,0.180148,0.175654,0.173219,0.171922,0.168885,0.165811,0.164738,0.164683,0.163860,0.164320,0.164561,0.164932,0.164386,0.161978,0.160797,0.161159,0.161092,0.160070,0.159252,0.157357
0.135495,0.137139,0.139419,0.140651,0.141131,0.143763,0.144758,0.146825,0.147718,0.147241,0.149256,0.150297,0.151350,0.152429,0.154611,0.155905,0.156576,0.157744,0.158412,0.157986,0.159671,0.159661,0.161660,0.163316,0.164723,0.166767,0.170574,0.172642,0.174686,0.179157,0.184000,0.187504,0.191939,0.197325,0.203214,0.209346,0.215435,0.220125,0.225697,0.231572,0.238141,0.244894,0.251142,0.253704,0.253763,0.251765,0.247017,0.239379,0.231833,0.222885,0.215216,0.209422,0.204326,0.200751,0.196962,0.194446,0.192052,0.190218,0.187554,0.184021,0.181280,0.180965,0.180022,0.176673,0.173376,0.171134,0.170102,0.166481,0.165671,0.165106,0.163706,0.164735,0.165231,0.166448,0.165408,0.163265,0.162649,0.163091,0.161385,0.160284,0.158834,0.158541
0.133157,0.135122,0.137043,0.138557,0.140215,0.142185,0.145707,0.146625,0.146678,0.146372,0.147969,0.148524,0.149390,0.150141,0.152366,0.154022,0.154883,0.155825,0.156729,0.156665,0.157584,0.158679,0.160215,0.160945,0.162813,0.165783,0.168139,0.170881,0.172432,0.176657,0.179710,0.182937,0.187401,0.192019,0.199051,0.204534,0.211503,0.215416,0.221048,0.226533,0.232285,0.238118,0.244786,0.247944,0.249485,0.247038,0.244160,0.238058,0.231632,0.224822,0.216472,0.209959,0.206511,0.201121,0.196701,0.194186,0.191523,0.187085,0.183380,0.181286,0.179303,0.178502,0.178730,0.175827,0.172333,0.171701,0.172068,0.167728,0.166671,0.164905,0.164665,0.165229,0.165377,0.166077,0.166589,0.165291,0.164398,0.164651,0.162704,0.161057,0.158668,0.158414
0.131554,0.132631,0.133883,0.137623,0.138731,0.140834,0.142839,0.145317,0.146400,0.145715,0.146965,0.147791,0.148330,0.150066,0.151974,0.153458,0.154564,0.155350,0.155269,0.154810,0.156414,0.157836,0.158104,0.159228,0.161048,0.163475,0.165967,0.168350,0.169545,0.172020,0.174771,0.179223,0.183746,0.188442,0.195176,0.200309,0.206407,0.210742,0.216499,0.222189,0.226869,0.232629,0.238180,0.241500,0.243941,0.242937,0.238955,0.233360,0.228889,0.222627,0.214718,0.210676,0.207783,0.202521,0.197565,0.193202,0.189511,0.186324,0.183504,0.180468,0.179660,0.176023,0.176614,0.174431,0.171881,0.170633,0.169597,0.167800,0.167090,0.166432,0.165569,0.166489,0.166358,0.165397,0.165391,0.165359,0.163776,0.163505,0.162893,0.161057,0.159753,0.158238
0.131782,0.131046,0.131941,0.135218,0.137957,0.139509,0.142613,0.143934,0.144814,0.144160,0.145476,0.147528,0.148699,0.149488,0.151544,0.151799,0.153522,0.154894,0.153546,0.155615,0.156626,0.156369,0.157411,0.156942,0.158773,0.161748,0.163594,0.166126,0.168076,0.169405,0.172307,0.176735,0.180672,0.185013,0.189290,0.193207,0.200177,0.205282,0.209981,0.215329,0.221572,0.225284,0.230601,0.233095,0.234168,0.234714,0.231838,0.228040,0.225325,0.220014,0.214740,0.209160,0.206456,0.202380,0.199593,0.196823,0.191665,0.188083,0.184223,0.181345,0.178717,0.177212,0.176044,0.173972,0.171825,0.171380,0.169016,0.166758,0.166663,0.166646,0.167090,0.167161,0.165811,0.166727,0.166063,0.164139,0.163858,0.163253,0.161459,0.161152,0.159680,0.157392
0.131319,0.130998,0.133216,0.134787,0.136838,0.138884,0.141116,0.142926,0.142758,0.143174,0.145276,0.145987,0.147729,0.148548,0.150209,0.151201,0.151862,0.153686,0.153884,0.154340,0.155746,0.156047,0.155807,0.156384,0.157361,0.158552,0.162043,0.164202,0.165496,0.168146,0.170681,0.173966,0.176963,0.180828,0.184557,0.187667,0.193600,0.199726,0.203619,0.209082,0.213931,0.218070,0.222630,0.225746,0.226864,0.227993,0.227404,0.224649,0.221140,0.216768,0.213237,0.209063,0.204750,0.200670,0.197411,0.194939,0.191798,0.187912,0.185871,0.181770,0.180667,0.176418,0.175123,0.173541,0.171081,0.169429,0.169193,0.165677,0.165693,0.166105,0.166546,0.167250,0.165084,0.167258,0.165191,0.165968,0.164047,0.164136,0.162923,0.160777,0.159842,0.158300
0.131777,0.132809,0.133380,0.135217,0.136304,0.137966,0.140089,0.141758,0.142952,0.142533,0.144717,0.144831,0.145575,0.147546,0.149068,0.151273,0.153403,0.153483,0.153062,0.153870,0.153585,0.152690,0.152931,0.154697,0.155601,0.157327,0.158364,0.160318,0.161917,0.163707,0.168850,0.171580,0.173434,0.176185,0.178815,0.181622,0.187791,0.194738,0.197100,0.202552,0.208636,0.213961,0.217406,0.219961,0.221321,0.220972,0.222211,0.220046,0.218125,0.214361,0.209449,0.206348,0.203264,0.200300,0.196197,0.193759,0.191290,0.187788,0.184803,0.182383,0.180926,0.179143,0.175175,0.173126,0.170958,0.168460,0.168672,0.166685,0.165839,0.164818,0.166281,0.167458,0.166371,0.166994,0.166121,0.167137,0.166217,0.164351,0.162786,0.160952,0.160542,0.158854
0.131559,0.132071,0.133637,0.134986,0.135805,0.137378,0.138892,0.139762,0.142050,0.141907,0.143207,0.144292,0.144566,0.146157,0.147542,0.149649,0.151385,0.152287,0.151817,0.152024,0.150875,0.150211,0.150748,0.151778,0.152904,0.155466,0.155019,0.157360,0.159074,0.161239,0.165433,0.168742,0.170684,0.172968,0.175113,0.178301,0.181820,0.187538,0.191699,0.196629,0.201191,0.206271,0.210625,0.214371,0.214484,0.215091,0.215208,0.214989,0.214112,0.211515,0.206848,0.202302,0.198654,0.195504,0.192616,0.191527,0.189626,0.186774,0.185261,0.182588,0.180736,0.177566,0.176906,0.172730,0.170913,0.169423,0.168321,0.166516,0.164522,0.163535,0.163671,0.164793,0.164462,0.164946,0.165613,0.165904,0.165807,0.164318,0.162421,0.160292,0.160285,0.159072
0.133181,0.132957,0.134239,0.135285,0.136703,0.137649,0.139902,0.139311,0.142055,0.142156,0.143151,0.141860,0.143866,0.144721,0.146232,0.147959,0.150200,0.151047,0.151101,0.150802,0.149051,0.149131,0.148846,0.150438,0.152130,0.152065,0.152218,0.155821,0.156338,0.159002,0.162257,0.164826,0.166730,0.170223,0.172738,0.174978,0.179194,0.184132,0.186909,0.191542,0.195917,0.199560,0.205582,0.210156,0.210496,0.209132,0.209840,0.210129,0.208899,0.208273,0.203036,0.197492,0.194887,0.191903,0.189636,0.188013,0.186837,0.183162,0.181774,0.181651,0.179978,0.177653,0.175629,0.171837,0.169078,0.167636,0.166553,0.165214,0.162727,0.162266,0.162700,0.163031,0.163303,0.162120,0.163014,0.164682,0.164729,0.163112,0.161977,0.161510,0.160410,0.159907
0.134503,0.134541,0.135832,0.137429,0.138749,0.139547,0.139663,0.141560,0.142329,0.142854,0.143585,0.141983,0.141924,0.142728,0.144978,0.146373,0.147486,0.149322,0.150337,0.148058,0.147577,0.146599,0.146596,0.148864,0.149441,0.149520,0.150921,0.152236,0.152463,0.155665,0.158976,0.161855,0.164073,0.166352,0.170655,0.173057,0.176716,0.180907,0.183300,0.187675,0.192203,0.194620,0.199146,0.204587,0.204561,0.204183,0.204550,0.204652,0.205146,0.203102,0.200200,0.195454,0.190464,0.188364,0.186438,0.185565,0.183780,0.180768,0.179270,0.177587,0.177575,0.177455,0.175793,0.172353,0.168656,0.166186,0.163534,0.162984,0.161675,0.160261,0.160790,0.160690,0.160562,0.161790,0.160665,0.161080,0.161258,0.161220,0.162041,0.160955,0.160580,0.159420
0.133916,0.134577,0.134717,0.136626,0.139232,0.139466,0.142119,0.142930,0.142914,0.144165,0.143186,0.142856,0.141814,0.142015,0.143719,0.143444,0.144939,0.146777,0.147083,0.146203,0.145659,0.146199,0.145122,0.145750,0.146860,0.147135,0.147377,0.149043,0.148629,0.152138,0.155329,0.156804,0.160470,0.164003,0.168023,0.170599,0.174111,0.177553,0.180870,0.184205,0.187558,0.190980,0.194602,0.198062,0.199722,0.199431,0.200320,0.199089,0.197842,0.197581,0.196262,0.190094,0.187347,0.185401,0.182563,0.181746,0.181612,0.178607,0.177313,0.176972,0.175235,0.174191,0.172577,0.170963,0.167466,0.164583,0.162990,0.162561,0.160791,0.158056,0.158820,0.158882,0.160064,0.160707,0.160013,0.159997,0.160401,0.160072,0.161306,0.160459,0.160219,0.158721
0.135208,0.135090,0.135880,0.138656,0.141128,0.140839,0.142347,0.143872,0.145630,0.144265,0.145437,0.142470,0.142530,0.141537,0.139966,0.140840,0.142279,0.143877,0.144316,0.144218,0.143049,0.143521,0.143546,0.143993,0.142826,0.142505,0.145486,0.146483,0.145935,0.148742,0.150746,0.152650,0.156042,0.159323,0.162377,0.166528,0.169739,0.174496,0.177069,0.180797,0.184493,0.187304,0.189728,0.193584,0.193743,0.194843,0.195494,0.193821,0.193419,0.192932,0.191710,0.186094,0.184000,0.181275,0.179852,0.179396,0.178448,0.176857,0.176413,0.174047,0.174742,0.172680,0.172068,0.169772,0.166660,0.162642,0.161612,0.162394,0.160031,0.157665,0.158678,0.158590,0.158939,0.158640,0.158380,0.157737,0.158926,0.161577,0.159934,0.160510,0.159476,0.158144
0.136445,0.136520,0.137963,0.139857,0.141744,0.142177,0.142836,0.143827,0.143975,0.145437,0.143539,0.142660,0.142274,0.140267,0.139071,0.140519,0.140930,0.141474,0.142480,0.143391,0.143015,0.143448,0.141273,0.141984,0.140582,0.141944,0.144585,0.144328,0.144059,0.147409,0.148699,0.150926,0.152500,0.155234,0.157602,0.161902,0.164729,0.169022,0.173142,0.176942,0.180062,0.181406,0.185735,0.186893,0.189258,0.189863,0.190523,0.191327,0.189273,0.188652,0.187870,0.183449,0.180178,0.179099,0.177515,0.177175,0.177117,0.175638,0.173285,0.172612,0.172529,0.172971,0.171884,0.168464,0.164492,0.162743,0.160483,0.159129,0.157656,0.156837,0.157760,0.157217,0.156846,0.156718,0.157627,0.157952,0.158316,0.159880,0.160066,0.159691,0.158229,0.156580
0.136605,0.136148,0.138530,0.139403,0.141519,0.142662,0.143310,0.142873,0.142403,0.142952,0.142519,0.141326,0.140850,0.139181,0.138995,0.139582,0.139787,0.142005,0.141490,0.141463,0.142193,0.142409,0.141398,0.140796,0.139222,0.138305,0.140190,0.142244,0.142488,0.145840,0.147178,0.148329,0.150250,0.152710,0.154817,0.157239,0.161371,0.165527,0.168367,0.172082,0.175699,0.176922,0.180718,0.183031,0.184796,0.185187,0.186387,0.187351,0.185123,0.185782,0.183055,0.180419,0.178193,0.176255,0.174324,0.175086,0.174301,0.173387,0.172744,0.171010,0.171510,0.172239,0.170626,0.167616,0.163613,0.162174,0.159970,0.157947,0.157149,0.156300,0.156406,0.157197,0.156491,0.156330,0.156942,0.156619,0.158163,0.159180,0.159503,0.159534,0.158395,0.156154
0.137201,0.137989,0.137751,0.140007,0.140101,0.139877,0.141259,0.140678,0.141510,0.141471,0.141332,0.140268,0.139328,0.138293,0.138739,0.139815,0.141402,0.141605,0.141734,0.141919,0.142758,0.143275,0.140711,0.140000,0.138969,0.138805,0.139385,0.140417,0.141733,0.145360,0.146536,0.147918,0.149936,0.152294,0.153342,0.155281,0.157794,0.161616,0.165458,0.168894,0.171309,0.173751,0.176185,0.178313,0.180321,0.180971,0.182842,0.182018,0.180802,0.180502,0.178305,0.176469,0.175570,0.173092,0.172319,0.170468,0.171136,0.171025,0.172179,0.171152,0.170422,0.170268,0.168291,0.166601,0.162354,0.161046,0.159341,0.158341,0.156738,0.154065,0.156148,0.155792,0.155935,0.155615,0.156089,0.156179,0.157875,0.157886,0.159788,0.158679,0.158743,0.157036
0.140584,0.138719,0.138446,0.139123,0.139389,0.138117,0.139241,0.138181,0.138227,0.139639,0.139422,0.139561,0.138459,0.138889,0.139201,0.139144,0.140435,0.141490,0.142384,0.143666,0.142534,0.140842,0.139972,0.138990,0.138449,0.137654,0.139244,0.140160,0.139883,0.142469,0.144564,0.146632,0.147749,0.150625,0.151909,0.152669,0.155505,0.158872,0.161523,0.166020,0.168543,0.171105,0.171674,0.175073,0.174942,0.176293,0.179289,0.180219,0.178362,0.177080,0.173694,0.174051,0.171610,0.169313,0.168545,0.167950,0.167211,0.166837,0.168102,0.169841,0.169752,0.169699,0.167747,0.164929,0.160906,0.158149,0.157519,0.155851,0.155284,0.155366,0.154514,0.154934,0.154146,0.154470,0.155038,0.154345,0.154648,0.155841,0.156663,0.158059,0.157551,0.156901
0.140662,0.139755,0.138445,0.137326,0.137567,0.138147,0.137831,0.138138,0.138133,0.139295,0.138966,0.139313,0.139539,0.139247,0.140851,0.142418,0.142242,0.143314,0.142345,0.142717,0.141381,0.140601,0.139837,0.139253,0.137936,0.137057,0.139017,0.140256,0.139329,0.141868,0.143537,0.145174,0.146206,0.148719,0.148953,0.151203,0.153047,0.156193,0.158039,0.160850,0.163899,0.166456,0.168027,0.170498,0.171582,0.171905,0.174587,0.176518,0.175970,0.174081,0.171431,0.169539,0.167050,0.166190,0.164076,0.163288,0.164186,0.164059,0.164499,0.165380,0.166966,0.167198,0.166201,0.164260,0.159630,0.156485,0.154749,0.153847,0.153479,0.153869,0.153258,0.152419,0.153393,0.153442,0.153390,0.154206,0.154586,0.155386,0.155944,0.156198,0.156505,0.155340
0.138781,0.138828,0.137373,0.136394,0.136720,0.136872,0.137278,0.136869,0.137958,0.138525,0.138543,0.139442,0.139473,0.139067,0.140330,0.140607,0.140352,0.142242,0.142565,0.142277,0.140542,0.141139,0.139399,0.139588,0.138253,0.138700,0.137899,0.139387,0.137764,0.140459,0.142643,0.143666,0.144949,0.145702,0.146925,0.149103,0.150636,0.153117,0.154975,0.157600,0.159955,0.163066,0.164194,0.166338,0.167547,0.168371,0.170168,0.172071,0.172655,0.171031,0.168183,0.166100,0.164494,0.162128,0.160122,0.160047,0.159799,0.160663,0.160698,0.162606,0.163595,0.163242,0.163166,0.161763,0.157901,0.153633,0.152598,0.151700,0.152341,0.150881,0.151362,0.152400,0.152044,0.153993,0.152489,0.151466,0.152398,0.152890,0.154438,0.154566,0.155876,0.156095
0.138855,0.137894,0.137311,0.135245,0.134830,0.135466,0.135636,0.135648,0.136354,0.136790,0.135198,0.136817,0.138203,0.138621,0.139663,0.140062,0.140008,0.141528,0.142124,0.141358,0.141436,0.140903,0.140499,0.140913,0.139949,0.139989,0.139940,0.140258,0.136165,0.138617,0.141215,0.142394,0.144457,0.145230,0.144876,0.146306,0.147580,0.149085,0.150664,0.153003,0.155234,0.158565,0.161097,0.164534,0.165844,0.166542,0.167003,0.169418,0.168890,0.168226,0.163800,0.163306,0.161220,0.159203,0.158320,0.158188,0.157428,0.157322,0.156720,0.159495,0.159731,0.159791,0.159504,0.158644,0.156449,0.153721,0.151856,0.149400,0.151441,0.151480,0.152220,0.150385,0.149089,0.151455,0.151458,0.150390,0.151394,0.151997,0.153017,0.153598,0.154692,0.153937
0.139142,0.138562,0.136450,0.135390,0.134834,0.133204,0.134818,0.134822,0.134563,0.135917,0.135982,0.136397,0.137246,0.139156,0.139941,0.138847,0.139989,0.141894,0.142014,0.141356,0.138939,0.140152,0.140123,0.140305,0.140064,0.139514,0.141075,0.140584,0.136415,0.136815,0.139029,0.139902,0.142047,0.142778,0.143867,0.144808,0.145184,0.146664,0.147376,0.150115,0.153629,0.154937,0.157047,0.160945,0.162642,0.164211,0.164915,0.166236,0.166737,0.165017,0.161559,0.158894,0.157590,0.156306,0.155298,0.154146,0.154224,0.155300,0.154359,0.156765,0.157431,0.157038,0.157019,0.155544,0.152880,0.152325,0.150048,0.148362,0.149417,0.150003,0.150908,0.149552,0.148524,0.150156,0.151029,0.150420,0.150297,0.151437,0.150460,0.152253,0.152945,0.152739
